PassengerId,Survived,Pclass,Name,Sex,Age,SibSp,Parch,Fare,Cabin,Embarked
1,1,2,"Johnson, Dr. Anna",female,30.44398142734432,1,0,54.56,,C
2,1,3,"Miller, Mrs. Anna",female,3.978054318979371,0,3,21.63,,C
3,0,3,"Smith, Master. John",male,20.320915521286658,0,0,16.82,,Q
4,1,3,"Jones, Miss. Margaret",female,26.89664187904158,0,0,9.33,,S
5,0,1,"Williams, Master. William",male,56.22437805158317,0,3,65.79,,S
6,0,1,"Brown, Mr. William",male,,0,1,199.3,,S
7,1,1,"Jones, Miss. Alice",female,38.44805808692073,0,0,213.25,,S
8,0,3,"Smith, Master. Henry",male,32.29895430021962,1,2,7.18,,S
9,1,3,"Jones, Mr. John",male,9.19441696064098,0,0,27.75,E40,S
10,0,3,"Johnson, Mr. James",male,34.3123349661217,0,0,12.41,,S
11,0,1,"Brown, Master. George",male,66.18742146537272,1,2,155.1,C19,C
12,0,3,"Smith, Master. Henry",male,,0,0,11.8,,C
13,1,3,"Jones, Mr. James",male,7.398577712611875,0,0,10.55,,S
14,1,1,"Jones, Mr. William",male,40.585524282108715,0,0,40.64,,S
15,1,1,"Smith, Lady. Mary",female,19.14023194658425,0,0,55.8,,S
16,1,1,"Brown, Miss. Elizabeth",female,24.397403460850878,0,0,52.76,,S
17,1,2,"Brown, Mr. John",male,48.4908082020806,4,0,17.3,E28,S
18,0,3,"Jones, Mr. Henry",male,,0,0,11.26,,S
19,0,2,"Brown, Mr. Robert",male,42.72515466016334,0,0,63.95,,S
20,0,2,"Williams, Rev. Henry",male,31.10913585334531,0,0,20.04,,S
21,1,3,"Davis, Master. Robert",male,15.637610450590447,2,1,18.79,,S
22,1,1,"Jones, Rev. William",male,48.065346349310936,0,0,167.05,,S
23,0,2,"Garcia, Master. Robert",male,,1,0,30.79,,Q
24,0,2,"Smith, Master. James",male,35.43917687155289,2,0,51.32,D147,S
25,0,3,"Davis, Mr. Henry",male,35.71544644130523,2,0,7.77,,S
26,0,3,"Jones, Mr. Henry",male,46.955442420593045,1,1,8.99,,S
27,1,1,"Garcia, Mrs. Helen",female,33.4824822562101,0,0,32.84,,S
28,0,3,"Brown, Miss. Dorothy",female,33.547865914961946,1,0,19.28,,S
29,1,3,"Williams, Rev. George",male,52.379822038466116,0,0,7.57,,S
30,1,1,"Davis, Lady. Helen",female,45.78722013160924,1,0,41.71,,S
31,1,3,"Johnson, Rev. Thomas",male,6.579517029611683,1,0,5.79,,S
32,1,1,"Williams, Lady. Anna",female,,1,1,128.24,,C
33,1,1,"Miller, Mrs. Dorothy",female,,0,0,34.79,,S
34,1,3,"Garcia, Mr. George",male,,0,0,14.81,D80,S
35,1,3,"Williams, Rev. Henry",male,20.532171364744926,3,0,7.83,A128,C
36,1,3,"Brown, Dr. Robert",male,30.247758244467526,0,0,9.25,,S
37,1,2,"Garcia, Dr. James",male,41.539520536359866,0,0,25.08,,C
38,1,1,"Garcia, Dr. John",male,45.109700588054736,0,0,118.19,,Q
39,1,3,"Smith, Mr. William",male,27.66747826961025,3,0,10.36,,S
40,1,2,"Smith, Rev. Thomas",male,32.99091986948822,0,0,32.9,,Q
41,1,1,"Brown, Miss. Dorothy",female,,0,0,55.32,,C
42,0,3,"Williams, Miss. Mary",female,16.876058338497625,0,0,8.71,,Q
43,1,1,"Davis, Mr. James",male,23.37267128370553,0,0,109.53,,S
44,1,3,"Davis, Mr. James",male,34.96230174235132,2,0,14.02,,S
45,0,2,"Garcia, Mr. Robert",male,21.97570857489,1,1,16.67,,C
46,0,3,"Garcia, Mr. James",male,30.4147038318221,0,1,10.37,,S
47,1,2,"Williams, Miss. Elizabeth",female,15.697994971367967,0,0,23.17,,S
48,1,3,"Brown, Rev. George",male,10.863509591483432,1,0,7.01,,S
49,0,3,"Miller, Rev. Henry",male,45.00668933861364,0,0,18.93,,S
50,0,1,"Johnson, Master. James",male,,0,0,60.59,A59,S
51,0,3,"Garcia, Mr. Robert",male,33.82746396694896,0,1,9.7,,S
52,0,3,"Williams, Lady. Mary",female,46.38158690525272,0,0,28.06,,Q
53,0,3,"Brown, Miss. Dorothy",female,5.120521507866712,0,1,5.39,,S
54,0,3,"Smith, Master. John",male,,0,0,20.19,F27,Q
55,0,3,"Jones, Dr. William",male,16.17635847181657,0,0,53.2,B22,Q
56,0,3,"Davis, Mr. John",male,33.65775188508812,0,0,22.44,,S
57,1,1,"Miller, Miss. Helen",female,44.87364932293552,1,2,31.12,,S
58,1,1,"Williams, Miss. Margaret",female,48.28828900469745,0,0,39.3,,C
59,1,1,"Smith, Dr. James",male,47.28033776134378,2,0,94.37,,S
60,0,2,"Johnson, Mr. Robert",male,,0,0,15.61,,C
61,1,2,"Miller, Miss. Mary",female,,1,3,15.16,,S
62,0,2,"Williams, Mr. William",male,41.57498112575722,2,0,18.29,C109,S
63,0,3,"Williams, Miss. Alice",female,14.837788406495624,2,0,17.35,,S
64,1,2,"Davis, Master. Robert",male,36.50865437795573,1,0,21.55,,S
65,0,2,"Jones, Mr. Robert",male,,0,1,14.92,,S
66,1,3,"Davis, Rev. George",male,24.53176576746947,0,1,19.69,,S
67,1,1,"Jones, Mr. James",male,55.335963000070905,0,0,277.12,C135,C
68,1,3,"Smith, Mr. George",male,1.0,0,0,16.81,,S
69,1,1,"Johnson, Dr. Mary",female,42.3236621763855,0,0,113.86,,Q
70,0,3,"Miller, Mr. Henry",male,47.93702904567668,1,0,18.11,,S
71,0,3,"Smith, Dr. Robert",male,9.634533147970398,0,0,12.38,D136,C
72,0,1,"Miller, Master. Thomas",male,74.42356359852553,0,0,82.37,,S
73,1,1,"Brown, Mr. Thomas",male,,2,0,51.39,,Q
74,0,3,"Brown, Rev. James",male,9.94092798397249,0,0,19.69,,S
75,1,3,"Jones, Mr. John",male,27.216525697373,1,1,10.12,,S
76,1,3,"Jones, Dr. Elizabeth",female,36.25498645012786,1,0,5.32,F17,Q
77,1,3,"Jones, Master. Thomas",male,25.149991862887003,0,0,13.14,,S
78,0,1,"Jones, Dr. William",male,47.424538917779415,0,0,59.69,,S
79,0,2,"Davis, Mr. William",male,38.021077344497066,3,0,10.35,C97,S
80,1,1,"Brown, Mrs. Alice",female,20.85982469194888,2,0,130.79,B61,C
81,1,3,"Smith, Miss. Elizabeth",female,22.92637915124243,2,1,6.68,,S
82,1,3,"Miller, Mrs. Elizabeth",female,34.2630418580401,0,0,14.03,,S
83,0,2,"Williams, Master. George",male,,1,0,10.08,,C
84,0,1,"Garcia, Rev. Robert",male,46.240097661888534,0,0,40.06,B80,C
85,1,2,"Jones, Mr. James",male,31.864050075449263,0,0,20.78,,S
86,0,2,"Garcia, Mr. Thomas",male,6.908941972321841,0,0,13.37,,S
87,0,3,"Garcia, Master. James",male,32.238970006856725,0,0,8.73,,S
88,0,3,"Garcia, Master. William",male,28.57790159188631,0,0,6.26,,C
89,0,3,"Miller, Dr. Thomas",male,32.66392202371723,0,0,9.17,,C
90,0,3,"Jones, Mr. Henry",male,37.697419901045805,0,0,5.96,,S
91,1,1,"Smith, Miss. Alice",female,36.123759666579154,0,0,41.38,,S
92,0,3,"Garcia, Mr. Robert",male,26.777073037579314,1,0,5.33,,S
93,1,3,"Johnson, Dr. James",male,14.427179960064493,0,0,10.99,,S
94,1,3,"Garcia, Lady. Mary",female,16.45335083621139,0,2,22.4,C133,S
95,0,3,"Garcia, Master. George",male,39.24081544212797,0,0,19.56,E105,S
96,1,3,"Jones, Mrs. Helen",female,42.236024868471745,1,1,22.15,,S
97,1,3,"Williams, Rev. John",male,22.14267476425535,0,0,25.41,,S
98,0,2,"Jones, Mr. Robert",male,27.97332368682332,0,1,52.78,,S
99,1,1,"Miller, Dr. Elizabeth",female,48.1133390095888,0,0,31.16,,S
100,1,1,"Johnson, Mrs. Mary",female,,3,0,100.23,,Q
101,0,1,"Davis, Mrs. Helen",female,62.17749391726767,0,0,204.57,,S
102,0,3,"Garcia, Master. James",male,48.29460923756499,0,0,34.31,,S
103,1,2,"Davis, Rev. Henry",male,48.830489988608036,0,3,12.42,,Q
104,0,3,"Williams, Master. George",male,,0,0,8.52,,S
105,0,3,"Williams, Rev. Robert",male,27.777351070306867,0,3,6.92,,S
106,1,2,"Garcia, Lady. Helen",female,24.62495290539741,0,0,13.83,,S
107,1,2,"Johnson, Dr. John",male,33.38364658557752,0,0,75.88,,C
108,1,3,"Jones, Lady. Elizabeth",female,14.524466914555596,3,0,6.02,,S
109,0,1,"Brown, Master. George",male,30.273985957505744,1,0,156.21,,C
110,0,1,"Miller, Dr. John",male,,0,2,48.82,E44,S
111,0,2,"Garcia, Mr. James",male,29.367519429584135,1,0,22.52,D49,S
112,0,1,"Garcia, Mrs. Anna",female,,0,0,58.96,,C
113,1,3,"Brown, Dr. Mary",female,,1,3,22.69,,Q
114,0,3,"Miller, Dr. Anna",female,26.611557966973514,0,0,11.74,,S
115,0,3,"Johnson, Miss. Dorothy",female,25.955174348512436,0,0,18.37,,C
116,1,3,"Garcia, Dr. Alice",female,31.648693253390885,1,0,18.2,,S
117,0,3,"Johnson, Dr. Helen",female,14.659563156924902,1,0,6.68,,S
118,1,1,"Williams, Rev. Thomas",male,46.29537728881657,1,0,84.62,,S
119,0,3,"Miller, Dr. William",male,1.0,0,0,15.22,,S
120,0,3,"Williams, Dr. Robert",male,35.51746774603522,3,0,6.36,D50,S
121,0,3,"Garcia, Miss. Elizabeth",female,,3,0,20.17,,S
122,1,3,"Williams, Lady. Dorothy",female,43.04103794114799,0,0,15.36,,S
123,1,2,"Garcia, Mr. John",male,11.15461214391911,0,3,24.32,,S
124,1,1,"Miller, Miss. Mary",female,,0,0,33.44,,Q
125,1,1,"Brown, Miss. Mary",female,47.749424264394015,4,0,175.64,,Q
126,0,2,"Jones, Mr. Henry",male,32.694475282186275,0,0,28.5,,C
127,0,3,"Jones, Mr. William",male,42.02237614177644,0,0,5.26,,S
128,0,3,"Davis, Mrs. Elizabeth",female,1.0,0,0,15.37,,S
129,1,1,"Miller, Dr. John",male,,0,1,38.4,,C
130,0,3,"Williams, Miss. Alice",female,29.056281773220498,0,1,9.29,,Q
131,0,2,"Garcia, Rev. Henry",male,26.468483565761307,0,0,27.74,E117,S
132,1,1,"Miller, Miss. Anna",female,11.86848736097716,3,0,170.89,D70,C
133,1,1,"Williams, Mrs. Alice",female,36.84247039820221,1,0,30.04,C21,Q
134,1,2,"Johnson, Lady. Helen",female,13.10544391994123,1,0,26.07,,C
135,1,3,"Jones, Mr. Robert",male,11.159793872848487,0,0,39.34,,S
136,1,2,"Williams, Dr. Helen",female,,0,1,16.42,F39,S
137,1,3,"Jones, Miss. Helen",female,,0,0,26.78,,S
138,0,3,"Williams, Mr. George",male,13.744893081563214,0,3,10.92,,S
139,1,2,"Williams, Mrs. Mary",female,49.99311493936319,0,0,66.68,,S
140,1,3,"Smith, Mr. James",male,12.690967796316674,3,0,7.48,,S
141,0,3,"Brown, Dr. Robert",male,38.20985678107127,0,0,26.22,,C
142,0,2,"Miller, Master. John",male,,0,0,20.56,B112,S
143,0,3,"Brown, Dr. John",male,31.384074385863318,0,0,11.93,,S
144,0,2,"Miller, Mr. James",male,37.169191578113804,0,0,12.67,,S
145,1,2,"Davis, Dr. Margaret",female,34.42765981320646,4,0,12.25,,S
146,0,1,"Garcia, Mr. Henry",male,59.605409395810646,0,0,66.58,D94,C
147,0,3,"Brown, Mrs. Margaret",female,10.817510494950387,0,0,7.54,,S
148,0,3,"Smith, Mr. Henry",male,30.393686953987682,0,1,6.48,E146,C
149,1,1,"Johnson, Mr. Henry",male,39.972407456756855,0,0,66.83,,S
150,1,2,"Johnson, Rev. Robert",male,27.01792032711564,0,0,14.16,B134,S
151,1,3,"Smith, Miss. Mary",female,20.66244679967217,0,0,11.74,,C
152,0,1,"Johnson, Mr. Henry",male,35.93356379181864,0,0,33.13,B82,S
153,1,1,"Brown, Rev. William",male,31.47548897384461,0,0,67.9,F134,S
154,1,3,"Williams, Miss. Dorothy",female,13.212357035472225,0,0,22.13,,S
155,1,3,"Johnson, Mr. William",male,38.462294274765654,1,0,11.99,,S
156,0,2,"Williams, Dr. James",male,44.616593678316534,0,0,25.33,,S
157,0,3,"Jones, Master. Henry",male,,1,0,9.96,E116,C
158,1,3,"Miller, Miss. Mary",female,14.151180523167996,1,0,19.9,,S
159,1,1,"Brown, Master. John",male,37.614791329291094,0,0,31.72,,Q
160,1,3,"Davis, Miss. Mary",female,,0,0,7.46,,S
161,0,2,"Johnson, Rev. William",male,,0,0,26.64,,S
162,1,3,"Smith, Dr. Mary",female,30.70201295794458,1,0,5.84,,S
163,1,3,"Johnson, Miss. Mary",female,24.971153908973754,0,0,5.27,,S
164,1,3,"Garcia, Miss. Elizabeth",female,17.928740178528326,0,0,11.58,E105,S
165,0,1,"Williams, Dr. Henry",male,24.022603851363918,0,0,51.96,,S
166,0,3,"Williams, Miss. Anna",female,35.01701591589858,2,0,17.71,,S
167,1,2,"Garcia, Master. Henry",male,9.114497690397169,0,0,24.21,,C
168,1,1,"Jones, Rev. Thomas",male,55.17706513438031,0,0,50.5,,S
169,0,1,"Garcia, Master. James",male,36.59784292928066,0,0,69.19,,C
170,0,3,"Garcia, Dr. Dorothy",female,31.888854650728014,0,0,5.13,A34,S
171,1,3,"Garcia, Miss. Dorothy",female,41.79513574174952,0,0,5.77,,S
172,1,1,"Miller, Miss. Dorothy",female,,1,0,61.93,,S
173,0,3,"Davis, Mr. John",male,8.610110135014732,1,1,9.6,D111,S
174,0,1,"Garcia, Dr. James",male,43.14311709542649,1,0,72.7,,C
175,1,3,"Williams, Dr. Anna",female,,0,0,11.98,,S
176,1,1,"Davis, Mr. Thomas",male,26.755494690475174,0,0,61.34,E14,S
177,1,3,"Garcia, Dr. James",male,33.472946965781574,0,0,6.25,,S
178,0,2,"Davis, Master. George",male,18.08950509874385,0,0,11.24,,S
179,0,3,"Brown, Mr. Henry",male,12.683569508009295,0,0,6.23,,S
180,1,1,"Brown, Mr. John",male,27.539036491930474,0,0,126.73,,
181,0,2,"Garcia, Dr. Henry",male,20.695120141560228,0,2,75.51,,S
182,0,1,"Brown, Mr. Robert",male,50.3766355490547,0,3,90.52,,Q
183,0,3,"Jones, Mr. William",male,,0,0,6.56,A20,C
184,0,3,"Jones, Lady. Elizabeth",female,44.0869848714142,2,2,5.93,F50,S
185,0,2,"Jones, Dr. George",male,33.112258506959904,0,0,17.81,,S
186,1,3,"Garcia, Master. William",male,23.356054126690502,4,0,26.09,D101,S
187,0,3,"Brown, Mrs. Elizabeth",female,18.767243538086483,1,0,5.45,,S
188,0,3,"Miller, Mr. Henry",male,20.90910547184704,0,0,9.38,,S
189,1,3,"Davis, Mrs. Margaret",female,30.13980030850285,0,0,14.84,,Q
190,1,1,"Miller, Dr. Anna",female,,0,2,48.79,,S
191,0,1,"Smith, Master. Thomas",male,42.10981105033281,1,0,402.2,,S
192,1,3,"Johnson, Dr. George",male,23.012423076188412,0,0,6.58,,S
193,0,3,"Johnson, Miss. Anna",female,25.9429243566298,4,1,30.67,E76,S
194,1,3,"Jones, Mrs. Mary",female,1.0,0,0,8.89,,C
195,1,2,"Smith, Rev. Thomas",male,,1,0,37.35,,S
196,0,2,"Garcia, Dr. Thomas",male,38.8832769065439,1,0,24.45,,S
197,1,3,"Jones, Rev. George",male,11.16001116153106,0,0,11.64,D94,S
198,1,3,"Smith, Lady. Mary",female,4.751867834671476,0,0,10.81,,C
199,0,3,"Brown, Mr. John",male,3.4732900255853174,0,0,15.39,F106,S
200,1,3,"Garcia, Miss. Elizabeth",female,8.73462996265253,0,0,11.94,,Q
201,1,3,"Brown, Miss. Anna",female,16.491748508434114,0,2,6.42,E137,S
202,1,1,"Smith, Rev. Henry",male,38.8635178978716,2,1,38.63,,S
203,1,1,"Brown, Mr. John",male,44.00343100462802,0,0,37.38,,S
204,0,3,"Smith, Dr. William",male,27.133001275216376,3,0,18.11,,S
205,0,3,"Williams, Mr. George",male,29.805776638075944,1,0,41.63,,S
206,1,1,"Williams, Rev. George",male,32.861610252833486,0,3,74.07,F43,S
207,1,1,"Garcia, Mr. John",male,26.413736910917926,2,0,32.27,,S
208,1,3,"Brown, Mrs. Margaret",female,10.656474836809064,0,0,5.38,D55,S
209,1,1,"Williams, Mr. William",male,22.990053832201504,2,0,96.95,C79,S
210,1,1,"Brown, Master. James",male,1.0,0,2,100.11,,S
211,0,3,"Davis, Mrs. Alice",female,4.80809567052777,0,0,6.1,,C
212,0,3,"Davis, Miss. Elizabeth",female,,0,0,9.72,,S
213,0,3,"Brown, Dr. Margaret",female,21.642275891475926,0,0,18.51,,S
214,1,1,"Davis, Miss. Anna",female,23.863770134060875,0,0,44.69,,S
215,1,3,"Johnson, Rev. Robert",male,31.071586641470383,0,0,10.86,,C
216,0,1,"Williams, Mr. James",male,66.80493657596378,0,0,236.91,A104,C
217,1,2,"Davis, Mrs. Alice",female,5.044248969430466,2,0,14.48,,S
218,0,3,"Davis, Lady. Elizabeth",female,39.286583132123155,0,0,31.03,,S
219,1,3,"Brown, Rev. Thomas",male,27.55088836758658,0,0,12.38,,C
220,1,3,"Brown, Lady. Mary",female,,0,0,11.56,,Q
221,0,3,"Smith, Rev. Robert",male,38.27080509228771,1,0,5.12,,S
222,0,3,"Miller, Rev. Henry",male,,3,1,5.68,,Q
223,0,1,"Brown, Master. George",male,31.241590689451545,0,0,49.17,,S
224,0,2,"Miller, Mr. James",male,26.37348190568649,0,0,36.4,,C
225,0,2,"Williams, Rev. William",male,26.363117809554154,0,0,18.2,A27,S
226,0,2,"Johnson, Mr. George",male,40.27483464867225,0,0,17.97,,S
227,0,3,"Williams, Dr. Margaret",female,6.076042213708035,2,0,11.0,B126,S
228,0,2,"Davis, Mr. James",male,,0,1,23.01,,C
229,0,3,"Miller, Mr. Henry",male,,3,0,19.68,,Q
230,1,3,"Johnson, Lady. Mary",female,24.09201274809004,0,0,13.35,,S
231,1,3,"Davis, Mrs. Mary",female,48.6705061214777,3,0,8.31,,S
232,1,3,"Miller, Mrs. Elizabeth",female,8.368144691212024,0,0,10.08,B141,S
233,1,3,"Davis, Lady. Dorothy",female,31.067070902030494,2,2,20.61,,S
234,0,3,"Johnson, Mrs. Dorothy",female,,2,0,7.84,B128,S
235,1,1,"Miller, Mr. William",male,42.18254071711961,3,0,170.1,,S
236,1,3,"Smith, Rev. Thomas",male,20.147230921792463,0,0,7.09,,Q
237,0,2,"Brown, Mr. Henry",male,12.808046562333587,0,0,10.1,,S
238,1,1,"Smith, Mr. George",male,54.07823992875457,0,1,96.04,,S
239,0,3,"Johnson, Rev. Thomas",male,27.34578077863949,0,1,16.08,E113,S
240,1,1,"Johnson, Lady. Alice",female,17.864108303556865,0,1,117.03,C93,S
241,0,3,"Davis, Mr. Robert",male,30.23170467400055,0,0,26.58,,C
242,1,3,"Garcia, Rev. James",male,,0,0,13.01,,S
243,0,3,"Williams, Dr. William",male,33.184833880751576,0,0,7.72,,S
244,1,2,"Miller, Dr. Alice",female,,0,0,22.97,B107,S
245,0,1,"Williams, Dr. Thomas",male,,0,0,147.94,,S
246,1,3,"Smith, Miss. Alice",female,49.56234634863469,0,0,7.78,,S
247,1,2,"Jones, Dr. John",male,18.931716354615922,0,1,23.21,,S
248,1,3,"Johnson, Master. James",male,,0,0,20.31,,S
249,1,3,"Miller, Rev. Robert",male,48.89863962645681,0,0,10.55,F134,S
250,1,3,"Miller, Dr. Helen",female,,2,1,14.09,,S
251,1,2,"Jones, Mr. John",male,25.924114079758827,4,0,25.07,,S
252,1,2,"Smith, Miss. Dorothy",female,41.98341952570428,4,0,23.14,,S
253,0,3,"Johnson, Dr. Thomas",male,35.08881378555459,2,0,29.75,,S
254,1,2,"Miller, Mr. James",male,35.46122837587394,0,0,49.16,,Q
255,1,1,"Johnson, Miss. Anna",female,24.628283889109056,1,0,88.42,C49,S
256,0,3,"Davis, Dr. Alice",female,18.613977242473727,0,0,6.82,,S
257,0,3,"Brown, Miss. Elizabeth",female,,0,0,6.27,,S
258,1,3,"Johnson, Dr. Anna",female,24.073347457323454,0,0,20.49,,S
259,1,3,"Miller, Lady. Elizabeth",female,30.110123903557948,0,2,14.14,F85,S
260,0,1,"Garcia, Miss. Margaret",female,57.771087775816014,0,0,74.15,,C
261,1,3,"Jones, Dr. Anna",female,,0,0,7.51,,S
262,0,3,"Garcia, Mrs. Alice",female,37.767291850730274,1,0,17.9,C101,S
263,1,1,"Brown, Dr. Helen",female,,0,0,48.12,,S
264,0,3,"Williams, Dr. Robert",male,,0,0,13.88,E43,Q
265,1,3,"Jones, Lady. Margaret",female,30.33037992748806,0,0,8.07,,S
266,0,3,"Smith, Master. Thomas",male,38.21587549282914,0,0,8.84,F147,S
267,1,3,"Williams, Lady. Dorothy",female,30.598543737401524,0,0,42.43,,Q
268,0,3,"Johnson, Miss. Dorothy",female,41.15470907443298,2,1,7.28,,C
269,1,2,"Garcia, Master. Henry",male,13.639436161220651,0,0,32.31,,C
270,1,2,"Smith, Lady. Margaret",female,,0,0,25.15,,S
271,0,3,"Smith, Rev. Robert",male,52.26921664536258,0,0,7.19,,S
272,0,3,"Williams, Master. Thomas",male,,0,0,9.29,,S
273,0,3,"Smith, Mrs. Anna",female,31.884933052052958,1,0,12.64,,S
274,1,3,"Jones, Mr. Robert",male,9.684347001539969,0,0,10.25,D24,S
275,0,3,"Garcia, Mrs. Margaret",female,9.540308590437547,1,2,9.92,D146,C
276,1,3,"Jones, Dr. Mary",female,28.512585785702242,2,0,8.6,A53,C
277,0,3,"Garcia, Dr. James",male,26.74625437321889,1,0,12.07,D128,S
278,0,3,"Davis, Mr. Henry",male,17.630529219900204,0,0,12.83,,S
279,0,3,"Miller, Mr. Robert",male,26.69179239534472,0,2,13.47,,S
280,0,3,"Johnson, Mr. Henry",male,44.06352313652315,0,0,5.58,D15,C
281,0,3,"Smith, Dr. Margaret",female,33.34482969460358,0,1,12.98,,S
282,1,2,"Miller, Mr. Henry",male,,1,0,49.59,B27,S
283,0,2,"Brown, Master. George",male,36.95017811959166,1,0,31.23,B37,S
284,1,1,"Davis, Mr. George",male,37.67984712781565,1,0,32.73,D77,S
285,0,3,"Johnson, Mr. Thomas",male,20.347601003097267,1,1,11.51,,C
286,1,1,"Miller, Mrs. Anna",female,,0,0,66.01,,S
287,1,3,"Brown, Rev. Henry",male,19.268253008751937,0,0,26.23,,S
288,1,3,"Jones, Miss. Elizabeth",female,9.938375536319262,0,0,6.63,,C
289,0,2,"Jones, Master. John",male,31.113933098243667,2,1,26.85,,S
290,0,3,"Garcia, Miss. Alice",female,18.27270835783228,1,0,8.99,,S
291,0,1,"Brown, Rev. James",male,32.515385913386496,1,0,34.93,,S
292,1,1,"Davis, Mr. John",male,,1,0,42.77,,S
293,1,3,"Davis, Mrs. Alice",female,38.06523585060006,1,3,18.44,,C
294,0,2,"Williams, Dr. William",male,17.05439986772702,2,1,25.43,,S
295,1,1,"Jones, Mrs. Alice",female,55.04021929155695,1,0,56.66,,C
296,1,3,"Garcia, Miss. Anna",female,10.940147832189258,0,0,13.67,,S
297,0,3,"Johnson, Mr. James",male,45.34867453373038,0,0,6.86,,S
298,1,1,"Garcia, Rev. William",male,31.957315621947323,0,2,125.63,,S
299,1,3,"Miller, Dr. Mary",female,,0,0,19.59,B82,C
300,0,1,"Davis, Rev. Henry",male,37.661261510527176,0,0,128.23,,S
301,1,1,"Williams, Mr. John",male,25.348173949778207,0,0,54.8,,S
302,0,3,"Jones, Master. Henry",male,8.959294733488832,1,2,7.16,A71,C
303,0,3,"Johnson, Mr. Henry",male,,0,0,15.47,,S
304,1,3,"Johnson, Dr. James",male,26.583135601263486,3,0,6.13,C71,S
305,0,3,"Jones, Miss. Anna",female,19.54542737507867,0,1,14.12,,S
306,1,3,"Miller, Miss. Helen",female,22.37616067077957,0,0,19.78,,C
307,1,3,"Williams, Lady. Mary",female,23.903205309890627,0,0,7.08,,S
308,1,2,"Garcia, Lady. Anna",female,34.837371143889214,0,3,30.5,,Q
309,0,3,"Jones, Mr. Robert",male,25.6271018859698,0,2,5.27,,S
310,0,2,"Miller, Lady. Helen",female,29.309431510771912,0,1,16.93,C107,Q
311,0,2,"Brown, Rev. George",male,45.90639547144216,0,0,19.4,E38,S
312,0,1,"Garcia, Rev. John",male,19.156284476545522,0,0,259.91,,S
313,1,1,"Smith, Mr. Thomas",male,39.76931411364976,0,2,119.01,,C
314,1,3,"Jones, Master. Thomas",male,1.0,1,0,19.49,,C
315,0,3,"Garcia, Mrs. Elizabeth",female,38.84308411980311,0,1,10.74,A32,S
316,0,3,"Brown, Miss. Elizabeth",female,,0,2,6.16,,S
317,1,2,"Smith, Rev. Henry",male,,1,0,20.96,,C
318,1,1,"Brown, Master. George",male,40.51414494715437,0,1,44.18,,S
319,1,1,"Smith, Mrs. Dorothy",female,,2,1,100.19,,S
320,0,2,"Miller, Mr. John",male,29.443296042949527,1,0,48.0,,C
321,0,3,"Williams, Mr. Thomas",male,12.872821360853038,1,0,9.21,,S
322,0,3,"Smith, Master. John",male,18.81737927430109,0,0,7.74,,S
323,1,3,"Brown, Mrs. Alice",female,43.36234238636021,1,0,5.12,,C
324,0,2,"Johnson, Miss. Dorothy",female,22.112896168051144,1,0,27.21,,S
325,1,3,"Garcia, Rev. Robert",male,13.905230627462801,0,0,9.12,,S
326,1,3,"Miller, Rev. Thomas",male,5.828809964854813,0,1,8.76,B141,Q
327,1,3,"Brown, Miss. Elizabeth",female,21.075792188682748,0,3,6.62,,S
328,0,3,"Smith, Mrs. Mary",female,,1,0,9.5,,C
329,0,2,"Davis, Dr. James",male,38.056248797559775,0,0,19.53,,C
330,1,2,"Garcia, Miss. Margaret",female,21.74028894526682,1,0,18.73,,S
331,0,2,"Williams, Dr. John",male,,0,2,12.84,,S
332,0,3,"Williams, Rev. James",male,48.22184848072275,1,0,16.99,,S
333,1,1,"Miller, Mrs. Dorothy",female,30.50540539664508,0,0,46.27,,S
334,1,1,"Jones, Mr. James",male,36.73253404774175,0,2,70.32,,S
335,0,1,"Johnson, Mr. John",male,42.647724627966205,0,0,50.22,,S
336,0,1,"Brown, Mr. John",male,40.66699551690693,0,2,106.97,,S
337,0,3,"Brown, Mr. James",male,39.16769094942573,0,2,5.12,,S
338,1,3,"Brown, Miss. Alice",female,17.472238648584366,0,2,9.58,,S
339,0,3,"Brown, Rev. Thomas",male,25.54267250799979,0,0,7.03,,S
340,1,1,"Johnson, Miss. Margaret",female,34.36634651382516,2,0,67.26,E119,S
341,0,3,"Garcia, Mr. Robert",male,,1,1,9.3,,S
342,1,3,"Johnson, Mr. John",male,8.53041342539079,0,0,15.98,E72,S
343,0,1,"Smith, Master. William",male,24.903858171375667,0,0,42.17,,S
344,1,2,"Johnson, Dr. Alice",female,20.455740615879556,0,0,18.58,,S
345,0,2,"Smith, Mr. Thomas",male,,1,0,33.68,,S
346,1,3,"Williams, Mrs. Margaret",female,18.596796322729997,0,0,10.45,A68,S
347,0,3,"Davis, Master. Robert",male,,0,0,15.53,,S
348,1,1,"Miller, Lady. Mary",female,63.734571475131716,0,0,48.68,,S
349,0,2,"Garcia, Mr. Henry",male,,1,0,22.16,,S
350,1,3,"Brown, Miss. Alice",female,,0,0,10.26,,S
351,1,3,"Johnson, Dr. Alice",female,30.217240774682693,1,0,11.77,C11,Q
352,1,3,"Brown, Miss. Alice",female,30.705168190319483,0,0,18.97,,S
353,1,3,"Brown, Mrs. Anna",female,15.453315184709412,0,0,7.58,,Q
354,1,1,"Williams, Miss. Margaret",female,15.37165148188777,0,0,109.63,,S
355,0,1,"Smith, Dr. Henry",male,23.24844613195104,0,0,53.28,,S
356,0,3,"Garcia, Mr. Robert",male,,0,0,10.28,C18,S
357,1,1,"Williams, Mr. Thomas",male,51.30430628763006,0,0,38.16,,S
358,1,3,"Johnson, Dr. Anna",female,1.0,0,0,37.45,,S
359,1,3,"Garcia, Rev. William",male,13.412022357721504,0,0,9.07,,S
360,1,3,"Johnson, Mrs. Alice",female,44.54999637881134,0,0,9.3,,S
361,0,2,"Davis, Mr. Robert",male,34.0470127547575,3,0,32.53,,S
362,0,3,"Miller, Mr. James",male,10.913440427092329,0,2,8.14,,S
363,1,3,"Johnson, Dr. William",male,22.624747252183816,0,0,17.17,,S
364,1,3,"Jones, Lady. Anna",female,49.81487605796262,0,2,16.38,,S
365,0,3,"Williams, Master. Thomas",male,3.0198130335276865,0,0,10.21,,S
366,0,2,"Smith, Mr. William",male,16.577189254141985,0,0,34.7,,C
367,0,3,"Jones, Dr. George",male,42.96918019815551,0,0,7.96,,S
368,0,3,"Jones, Rev. Thomas",male,47.29242812245279,0,0,7.77,,S
369,1,1,"Davis, Mr. John",male,1.0,0,0,85.41,,S
370,0,1,"Garcia, Mr. James",male,,1,0,108.02,,C
371,1,1,"Williams, Miss. Alice",female,28.842940436216068,0,0,37.34,B113,S
372,1,1,"Johnson, Rev. James",male,12.371139444009604,0,0,83.22,,S
373,0,1,"Smith, Master. John",male,45.15683639334973,0,1,95.97,D25,S
374,0,3,"Miller, Mr. Thomas",male,15.25117181275096,0,0,9.53,,S
375,1,1,"Johnson, Mr. John",male,36.07572079521231,1,2,157.29,,S
376,0,2,"Davis, Rev. George",male,30.20303834134484,0,0,34.11,,S
377,1,3,"Smith, Master. Henry",male,28.970215655386934,0,0,16.72,,C
378,1,1,"Garcia, Rev. William",male,56.408802350176664,0,0,88.14,,S
379,0,3,"Brown, Rev. James",male,35.55300449364884,0,0,10.12,,S
380,1,2,"Jones, Miss. Anna",female,36.64029715085873,0,0,29.19,,S
381,1,1,"Brown, Lady. Helen",female,39.0560709446223,0,0,37.13,,S
382,0,3,"Brown, Lady. Helen",female,28.757585680157863,0,0,9.59,,S
383,1,3,"Brown, Mr. George",male,,0,2,33.59,A107,S
384,0,3,"Johnson, Mr. James",male,42.598490311343234,0,0,5.31,,S
385,0,3,"Smith, Mr. Thomas",male,11.661037005837386,0,2,8.04,D84,S
386,0,3,"Johnson, Mr. James",male,,0,2,8.02,,S
387,0,2,"Smith, Miss. Mary",female,37.19226585980219,1,1,49.82,,S
388,1,1,"Johnson, Master. James",male,45.72079526456655,0,0,114.77,,S
389,0,3,"Brown, Mr. Robert",male,29.16051973125904,0,0,12.92,,S
390,0,3,"Garcia, Mr. Robert",male,55.138678619013085,0,0,5.8,,Q
391,0,3,"Smith, Miss. Margaret",female,2.9190670659309674,0,0,5.8,,S
392,1,2,"Davis, Rev. Henry",male,36.0216817972886,0,0,16.19,C130,S
393,0,2,"Jones, Mr. James",male,12.227208516016805,3,0,27.87,C73,Q
394,1,3,"Smith, Mr. Thomas",male,26.476938419874173,1,0,35.33,B50,S
395,0,2,"Jones, Mr. Thomas",male,13.977196908009383,0,0,10.36,,Q
396,0,3,"Davis, Master. John",male,9.409403638650108,0,0,9.71,,S
397,0,3,"Johnson, Rev. Thomas",male,27.793440915281963,0,0,5.96,,S
398,0,2,"Johnson, Mr. John",male,20.941966360415528,0,0,33.31,,S
399,1,3,"Garcia, Mr. John",male,1.0,1,1,55.66,,C
400,1,3,"Davis, Dr. James",male,39.33510664616477,0,0,22.57,,S
401,1,1,"Davis, Mr. Thomas",male,,0,0,355.83,,Q
402,1,3,"Williams, Mr. John",male,25.619931722212957,0,1,11.63,,S
403,1,3,"Davis, Dr. Margaret",female,27.74889625846843,0,0,13.35,,C
404,0,3,"Garcia, Miss. Helen",female,37.891816152586735,1,0,6.88,,S
405,0,2,"Williams, Mr. Thomas",male,9.657563972293282,0,0,22.61,,S
406,1,3,"Brown, Mr. Henry",male,,0,0,23.78,,Q
407,0,2,"Miller, Mr. George",male,,0,0,22.46,,Q
408,0,1,"Brown, Master. Henry",male,,1,0,33.82,,S
409,0,3,"Johnson, Miss. Margaret",female,28.849428711192207,1,0,17.48,B149,S
410,0,1,"Williams, Mr. Thomas",male,39.61036510806384,0,0,43.74,,S
411,1,2,"Jones, Dr. Margaret",female,39.51431915574784,0,1,20.35,,S
412,0,3,"Johnson, Dr. William",male,28.443470251620504,0,0,6.5,,S
413,0,3,"Davis, Master. Thomas",male,,0,1,5.66,,S
414,1,3,"Davis, Miss. Helen",female,17.34060728165807,0,0,14.46,B80,S
415,1,3,"Miller, Lady. Margaret",female,15.215492460206548,0,0,17.29,D108,S
416,1,3,"Brown, Miss. Alice",female,12.2051808172093,0,0,19.01,,S
417,1,2,"Smith, Miss. Mary",female,,0,0,21.96,,S
418,0,2,"Davis, Mr. Henry",male,16.783119328505535,4,0,18.24,E133,S
419,1,3,"Smith, Mrs. Alice",female,48.04441002573114,0,1,71.08,,S
420,1,3,"Johnson, Rev. Thomas",male,10.325259765333232,0,0,7.24,C149,S
421,0,3,"Williams, Lady. Mary",female,25.85504499893071,0,0,16.53,,S
422,0,3,"Davis, Mr. James",male,9.47790849755085,0,0,12.06,,S
423,1,1,"Davis, Miss. Margaret",female,12.75604453241677,0,1,107.04,,C
424,1,3,"Garcia, Mr. William",male,13.982476199001102,2,0,37.1,,S
425,1,1,"Smith, Mr. Thomas",male,41.73977311416077,0,0,71.48,,Q
426,0,3,"Brown, Dr. James",male,20.24524386277888,4,0,6.1,,S
427,1,2,"Williams, Lady. Margaret",female,,0,0,42.76,,C
428,0,3,"Johnson, Rev. John",male,32.249450675062214,0,2,14.33,,S
429,0,2,"Brown, Master. William",male,44.182745527417566,0,1,60.81,,S
430,1,1,"Williams, Mr. James",male,,0,0,56.79,,S
431,1,1,"Smith, Mr. Henry",male,60.57108879557594,0,0,35.65,,S
432,1,3,"Smith, Miss. Dorothy",female,38.75729044480873,1,1,5.71,,S
433,0,3,"Miller, Dr. William",male,13.319453943675585,1,0,7.4,D70,S
434,1,1,"Brown, Mrs. Margaret",female,25.523308844185976,1,3,36.38,,S
435,0,1,"Brown, Mr. James",male,,1,0,43.31,,S
436,0,3,"Miller, Mr. Henry",male,22.270284880559107,1,0,24.71,,S
437,1,1,"Garcia, Dr. Elizabeth",female,35.044176656412276,0,0,30.13,,Q
438,1,3,"Smith, Dr. Helen",female,,0,0,9.23,,S
439,0,3,"Johnson, Rev. William",male,,1,2,5.15,,S
440,1,1,"Jones, Mr. John",male,,0,0,182.02,,S
441,0,1,"Jones, Lady. Margaret",female,,1,0,35.9,D30,C
442,0,3,"Smith, Master. Robert",male,,0,0,12.65,,S
443,1,2,"Williams, Lady. Margaret",female,,0,0,23.16,D13,S
444,1,2,"Smith, Miss. Helen",female,38.13160421880347,2,0,38.21,,S
445,1,3,"Miller, Lady. Dorothy",female,8.805085461381616,0,1,7.97,,S
446,0,3,"Jones, Mr. Robert",male,20.017434785136743,0,0,10.27,F29,S
447,1,3,"Brown, Miss. Elizabeth",female,25.408328932866784,1,0,8.12,A90,C
448,1,3,"Johnson, Master. James",male,,2,0,19.61,,C
449,0,2,"Jones, Dr. James",male,23.42529284459482,0,0,46.45,,S
450,1,1,"Johnson, Rev. John",male,41.26502583768902,1,1,69.66,,C
451,0,3,"Johnson, Rev. John",male,33.31426906981374,2,0,6.18,E72,S
452,1,3,"Miller, Lady. Helen",female,33.81565054551196,2,0,14.29,,S
453,1,2,"Jones, Mrs. Helen",female,30.048043734022016,2,0,17.76,,S
454,0,3,"Williams, Miss. Anna",female,21.590138824854435,0,0,12.5,,S
455,0,1,"Garcia, Rev. John",male,,0,0,100.76,F87,S
456,0,3,"Jones, Mr. James",male,35.73576625088647,0,0,30.98,,S
457,1,1,"Johnson, Master. Robert",male,,0,0,190.99,D129,S
458,1,3,"Smith, Lady. Margaret",female,29.21775880422642,0,0,7.4,,S
459,1,1,"Garcia, Mr. James",male,36.20047483985497,0,0,48.71,,S
460,1,1,"Jones, Dr. Alice",female,11.654113363033051,0,2,74.06,,C
461,0,1,"Brown, Dr. Henry",male,30.31785129162654,0,0,80.05,,S
462,0,3,"Williams, Master. Henry",male,,0,0,7.89,,S
463,1,3,"Johnson, Miss. Dorothy",female,14.988123454101014,1,0,8.39,,C
464,0,3,"Smith, Mr. Robert",male,34.16835737887431,0,0,42.73,B22,S
465,1,3,"Jones, Miss. Alice",female,,0,0,5.86,,S
466,1,2,"Garcia, Lady. Alice",female,50.20408546929207,0,0,13.45,,S
467,0,2,"Davis, Mr. James",male,41.10168769517891,0,0,40.99,,Q
468,0,3,"Johnson, Dr. William",male,17.388569827727164,2,0,18.77,,S
469,0,1,"Smith, Mr. William",male,28.952817662186757,0,0,41.65,,S
470,1,3,"Davis, Miss. Helen",female,33.930228523780414,0,1,13.97,,S
471,0,1,"Miller, Dr. John",male,21.28908435540928,0,0,34.38,C113,S
472,1,3,"Miller, Mr. John",male,28.201820755544823,0,0,13.94,D52,Q
473,1,1,"Jones, Master. John",male,52.00815245260169,0,0,71.97,,S
474,0,3,"Brown, Dr. Margaret",female,29.440733383227464,0,0,9.07,,S
475,0,3,"Garcia, Mr. Robert",male,,0,1,10.91,,S
476,1,3,"Garcia, Miss. Margaret",female,,1,2,9.11,,C
477,1,1,"Garcia, Miss. Mary",female,,1,0,59.05,,S
478,0,3,"Brown, Rev. Henry",male,22.809172307445507,0,0,18.01,,Q
479,0,3,"Miller, Rev. Robert",male,13.120506489375833,0,0,7.54,,S
480,0,3,"Garcia, Miss. Mary",female,,0,1,15.27,,S
481,0,3,"Miller, Rev. Thomas",male,15.267989636453862,0,3,6.85,,S
482,1,3,"Johnson, Mrs. Helen",female,11.63144259805608,0,0,7.3,F76,C
483,0,3,"Miller, Mr. William",male,28.103933774264657,1,0,8.28,,C
484,0,3,"Smith, Mr. William",male,27.552877310291922,0,0,12.12,,S
485,0,3,"Garcia, Miss. Helen",female,34.39448481938287,1,0,9.85,,S
486,1,3,"Miller, Mr. James",male,19.82649316509881,0,0,15.94,,C
487,1,1,"Davis, Mr. Robert",male,22.726469976987225,3,0,71.62,,S
488,1,2,"Brown, Mr. George",male,,0,0,59.96,,S
489,1,3,"Jones, Mr. James",male,30.337285693979137,1,0,16.99,,S
490,1,3,"Garcia, Mr. William",male,,0,0,18.79,,S
491,0,3,"Garcia, Dr. George",male,26.792361787254265,1,0,5.49,,S
492,0,3,"Johnson, Dr. Elizabeth",female,,1,0,12.55,,S
493,0,2,"Williams, Master. William",male,40.66447216396193,0,0,31.35,,S
494,1,1,"Jones, Mrs. Alice",female,57.53957335105939,0,1,163.47,D49,C
495,1,3,"Williams, Mr. Robert",male,26.92587548768176,1,1,21.6,,S
496,1,2,"Smith, Miss. Dorothy",female,23.286414629461568,0,0,10.95,,C
497,1,3,"Davis, Dr. Henry",male,20.679528774916207,0,0,17.01,,S
498,1,1,"Davis, Miss. Margaret",female,,1,0,59.52,,S
499,0,3,"Garcia, Mr. Thomas",male,29.480182716536778,0,0,18.37,,S
500,1,3,"Smith, Dr. Robert",male,28.74853852559886,0,0,11.1,,C
501,1,3,"Johnson, Dr. Robert",male,39.31282198499697,0,1,5.43,,S
502,0,3,"Davis, Dr. Robert",male,9.905582129093347,1,0,9.88,,C
503,0,2,"Brown, Rev. Thomas",male,26.296618586194278,0,3,31.32,,S
504,0,3,"Smith, Dr. John",male,32.08506473501756,0,3,22.5,,S
505,0,3,"Brown, Miss. Helen",female,23.294241556713448,0,1,5.86,C26,Q
506,1,1,"Miller, Rev. Thomas",male,43.93685462249726,1,0,42.69,,S
507,0,3,"Smith, Mr. Robert",male,37.353489779180286,0,0,18.11,,S
508,1,3,"Miller, Master. George",male,35.4677845603414,1,0,7.53,,Q
509,1,3,"Miller, Miss. Margaret",female,11.283768255115255,0,0,10.1,,S
510,0,3,"Smith, Rev. James",male,34.84189824106581,1,0,14.93,,S
511,0,3,"Davis, Mr. Robert",male,24.223736739609777,3,0,9.62,,Q
512,1,2,"Smith, Mr. George",male,23.666362024465947,0,0,36.72,,S
513,1,3,"Johnson, Miss. Dorothy",female,25.878363892020335,0,2,14.79,,C
514,1,3,"Jones, Mrs. Elizabeth",female,23.19708413442088,1,0,24.41,,S
515,1,1,"Garcia, Mr. James",male,34.376855122660565,0,0,95.51,C76,C
516,1,1,"Davis, Lady. Mary",female,,0,1,66.17,B10,S
517,0,2,"Brown, Miss. Mary",female,32.358546061481626,1,0,28.88,,Q
518,0,3,"Miller, Rev. John",male,,4,0,6.62,,S
519,0,3,"Williams, Lady. Dorothy",female,27.14433660172571,0,3,13.24,E101,S
520,0,1,"Jones, Mr. William",male,33.32652714341586,0,1,88.36,,S
521,0,3,"Brown, Mr. William",male,32.237136219386,0,0,20.73,,S
522,0,2,"Smith, Master. George",male,29.591290785127907,0,1,57.07,B82,C
523,0,3,"Garcia, Master. James",male,,1,0,9.55,A37,C
524,0,3,"Brown, Mr. Henry",male,28.177303731735755,1,1,9.04,E53,S
525,1,3,"Miller, Mrs. Margaret",female,40.304688855988175,1,1,27.25,F147,C
526,0,3,"Miller, Dr. George",male,23.17942679707325,0,0,6.33,F112,S
527,0,2,"Williams, Dr. James",male,33.91439540949265,0,0,12.13,D43,S
528,0,2,"Davis, Mr. Henry",male,32.38984871219256,0,0,75.34,,S
529,1,1,"Williams, Miss. Elizabeth",female,62.255209992791286,0,0,39.16,A50,S
530,0,3,"Davis, Dr. Robert",male,37.6884196645387,1,2,6.88,,S
531,1,3,"Brown, Mr. Robert",male,35.466364000875735,0,0,7.2,D121,C
532,0,3,"Johnson, Dr. George",male,21.218959225670694,0,0,6.11,F93,S
533,0,3,"Davis, Dr. Thomas",male,18.13904749652726,0,1,15.05,,S
534,1,3,"Miller, Miss. Dorothy",female,,3,2,5.57,,S
535,1,3,"Johnson, Miss. Margaret",female,36.19753686809283,1,1,8.22,,C
536,0,3,"Smith, Dr. James",male,,1,0,7.66,B65,S
537,1,3,"Smith, Mrs. Elizabeth",female,37.78206358857264,0,0,11.48,,S
538,0,2,"Williams, Rev. William",male,,0,0,22.75,,S
539,1,3,"Williams, Dr. Anna",female,14.004148971118964,0,0,11.09,F70,C
540,0,1,"Miller, Mr. John",male,,0,0,96.89,,S
541,0,3,"Brown, Rev. George",male,23.315499293135964,0,0,29.2,D142,C
542,0,3,"Williams, Mr. William",male,28.691352018270358,0,0,8.59,F54,S
543,1,1,"Jones, Miss. Margaret",female,67.03715737649964,0,3,31.07,,C
544,0,3,"Williams, Master. George",male,41.226432146405735,0,0,15.74,,S
545,0,3,"Smith, Mr. George",male,30.088802338221413,0,0,22.88,,S
546,0,2,"Smith, Mr. Henry",male,35.11936487681127,1,0,43.19,,S
547,1,1,"Smith, Lady. Alice",female,,0,0,40.72,,S
548,0,3,"Jones, Mr. George",male,9.210210202869915,1,0,9.3,,S
549,0,3,"Johnson, Miss. Mary",female,28.372111003381676,0,1,20.2,,Q
550,1,3,"Williams, Lady. Elizabeth",female,,0,0,7.09,,Q
551,0,3,"Williams, Mr. Thomas",male,37.15164891572886,1,0,7.19,D95,C
552,1,3,"Brown, Dr. Helen",female,23.102153867532156,1,0,8.73,,S
553,0,3,"Brown, Mr. William",male,,0,0,7.09,F102,S
554,0,3,"Davis, Mrs. Helen",female,52.69499500739333,0,0,11.59,,S
555,1,3,"Brown, Dr. George",male,22.8226111690298,0,0,6.16,,S
556,1,2,"Miller, Mrs. Mary",female,,1,0,59.32,,Q
557,1,1,"Williams, Miss. Dorothy",female,53.201008549150856,1,1,52.83,,S
558,1,1,"Garcia, Miss. Alice",female,39.37176414859253,1,0,55.13,,
559,1,3,"Miller, Miss. Dorothy",female,5.343651310767797,0,0,16.03,,S
560,0,3,"Miller, Rev. John",male,3.5634944157437616,0,1,5.96,,C
561,0,3,"Williams, Rev. Thomas",male,17.535582333347424,0,0,7.28,,S
562,1,1,"Miller, Dr. Dorothy",female,,0,2,35.29,A106,C
563,0,1,"Jones, Mr. Robert",male,46.70200645798471,0,0,99.31,F145,S
564,1,1,"Johnson, Master. Thomas",male,32.825455295389126,0,0,103.81,,S
565,1,2,"Williams, Lady. Helen",female,51.137465899706825,0,0,11.48,,C
566,1,3,"Miller, Miss. Dorothy",female,,3,0,24.32,E120,S
567,1,2,"Johnson, Dr. Dorothy",female,27.932412264799332,1,0,40.43,,S
568,0,2,"Garcia, Mr. William",male,33.843118353712235,0,0,12.19,C11,S
569,1,3,"Davis, Miss. Margaret",female,1.0,0,0,6.76,B117,S
570,1,2,"Smith, Rev. William",male,49.20014753953757,0,0,12.13,A87,S
571,1,3,"Davis, Lady. Margaret",female,34.518108258624125,0,3,14.24,A57,S
572,0,3,"Smith, Master. John",male,23.535314414544672,0,1,6.07,,S
573,1,2,"Davis, Dr. Helen",female,15.735067140773026,1,0,82.53,A21,S
574,1,3,"Brown, Lady. Margaret",female,23.087653214249123,1,1,5.15,,S
575,0,3,"Davis, Mr. Henry",male,20.553006851190606,0,2,10.27,,S
576,1,3,"Williams, Mrs. Anna",female,8.823434656717993,0,0,8.22,,C
577,0,1,"Jones, Dr. George",male,52.78479532692472,0,0,62.84,,C
578,1,3,"Johnson, Miss. Margaret",female,31.255358860165774,0,1,8.0,C50,S
579,0,3,"Williams, Dr. Margaret",female,,0,0,19.03,F138,S
580,1,2,"Johnson, Mr. Thomas",male,15.636783690187238,1,0,26.86,,S
581,1,3,"Jones, Lady. Anna",female,,2,0,17.63,,S
582,0,3,"Miller, Mrs. Elizabeth",female,22.821962054371994,0,0,41.33,F145,S
583,1,3,"Garcia, Mr. James",male,1.0,0,2,14.09,,S
584,0,2,"Brown, Rev. George",male,,2,0,38.93,,S
585,1,3,"Johnson, Miss. Dorothy",female,,0,2,5.23,B108,S
586,1,1,"Jones, Mrs. Elizabeth",female,35.882174028850834,1,2,90.54,,S
587,0,1,"Johnson, Miss. Elizabeth",female,35.27128407506247,0,0,128.32,,S
588,1,1,"Smith, Miss. Elizabeth",female,53.8727813561389,0,0,134.66,,S
589,0,1,"Miller, Mr. Thomas",male,,0,0,151.59,,S
590,1,1,"Jones, Miss. Alice",female,1.0,1,0,62.08,,S
591,0,1,"Johnson, Master. Henry",male,47.18261087141666,1,0,101.81,E45,Q
592,1,3,"Davis, Mr. Henry",male,1.3729222910070007,0,0,11.7,A28,S
593,0,1,"Smith, Mr. William",male,37.73807740975744,0,0,469.06,,S
594,0,2,"Smith, Rev. Henry",male,19.098384620185996,0,0,10.45,,S
595,1,3,"Garcia, Rev. James",male,28.32830154357611,1,0,17.51,A140,S
596,0,3,"Johnson, Mr. Henry",male,,0,2,6.15,,S
597,1,3,"Garcia, Mrs. Helen",female,,1,0,7.98,D20,S
598,0,1,"Miller, Master. Henry",male,43.69873201974349,0,2,65.52,,C
599,0,1,"Miller, Dr. Robert",male,24.396805716421994,0,0,65.6,,S
600,0,1,"Jones, Dr. John",male,18.68534569295497,0,0,216.1,,S
601,0,1,"Williams, Mr. George",male,29.225958855740487,0,0,181.27,,S
602,1,2,"Miller, Mr. Henry",male,29.596233872678276,0,0,17.79,,S
603,1,1,"Miller, Rev. John",male,51.34375063526521,0,0,44.07,,Q
604,1,1,"Miller, Rev. Robert",male,45.1831958813621,0,0,143.22,,S
605,1,1,"Garcia, Dr. Anna",female,48.151341015871964,0,0,171.88,,S
606,0,3,"Jones, Mr. John",male,18.364949951592376,0,0,14.87,,C
607,1,1,"Williams, Rev. Robert",male,,0,0,89.56,,C
608,0,2,"Williams, Dr. James",male,1.0,1,1,15.86,,S
609,1,3,"Williams, Miss. Margaret",female,15.615958089867556,0,0,17.16,E98,S
610,1,3,"Smith, Master. Thomas",male,15.883562590236554,4,0,8.64,,S
611,0,1,"Garcia, Dr. William",male,54.644787200645,0,3,72.01,,S
612,0,3,"Jones, Rev. Henry",male,30.65850856501847,0,2,13.92,,C
613,0,3,"Jones, Rev. George",male,3.0262614599397963,0,2,6.75,A62,S
614,1,1,"Garcia, Rev. John",male,52.98210333642999,0,0,87.34,,S
615,0,3,"Davis, Mr. Thomas",male,1.0,0,1,5.89,,S
616,1,3,"Garcia, Mr. George",male,23.967163686509284,0,0,14.81,D19,S
617,1,1,"Williams, Mr. George",male,,0,0,97.89,B29,S
618,0,2,"Johnson, Master. George",male,31.836342821137023,0,1,11.66,,Q
619,0,3,"Brown, Miss. Alice",female,12.489067663953085,4,0,6.08,F88,S
620,1,3,"Miller, Miss. Elizabeth",female,10.93319495876032,2,0,14.06,,S
621,1,1,"Johnson, Lady. Alice",female,26.90612110600054,0,0,207.13,,Q
622,1,1,"Jones, Lady. Mary",female,,0,1,33.31,D69,S
623,1,2,"Miller, Mr. George",male,,1,0,12.7,,C
624,0,3,"Brown, Dr. Thomas",male,14.37701576650933,4,0,15.24,,S
625,0,3,"Davis, Dr. Robert",male,27.17275291325299,0,0,27.21,,S
626,1,2,"Johnson, Miss. Margaret",female,26.263182247795378,0,0,10.6,C52,S
627,1,3,"Williams, Mrs. Elizabeth",female,32.0339896047134,2,2,5.16,,C
628,0,3,"Johnson, Mr. Henry",male,20.051034181402237,1,0,18.11,C17,S
629,1,1,"Johnson, Dr. Mary",female,15.494161898834363,0,0,72.6,,S
630,0,2,"Williams, Mr. Henry",male,22.592171932896136,0,2,38.84,,C
631,1,3,"Miller, Lady. Mary",female,,2,0,12.73,,S
632,0,3,"Miller, Master. John",male,21.092667374217957,1,0,13.42,E15,S
633,1,3,"Johnson, Mr. John",male,23.027977529375306,1,1,6.77,,S
634,0,3,"Davis, Mr. George",male,27.545120236890103,1,0,7.2,F72,S
635,1,1,"Miller, Master. George",male,34.29679222165145,0,0,107.96,,S
636,1,2,"Jones, Dr. Henry",male,24.149832846054423,1,0,24.99,,S
637,0,3,"Jones, Master. John",male,8.337489354025468,0,1,37.31,,Q
638,1,2,"Brown, Miss. Margaret",female,,2,1,48.84,C62,S
639,1,2,"Williams, Dr. John",male,34.65989703672506,0,3,62.53,E102,S
640,1,2,"Williams, Mr. James",male,20.497568415698847,1,1,69.85,E107,C
641,1,1,"Jones, Mr. William",male,57.04922034174112,0,1,65.18,,S
642,0,2,"Williams, Mrs. Margaret",female,38.91160060427265,0,1,18.34,,S
643,0,1,"Williams, Mr. George",male,1.0,0,0,64.83,,S
644,1,2,"Johnson, Rev. James",male,27.7176687085102,0,0,25.86,,S
645,0,1,"Johnson, Rev. Henry",male,,1,0,125.46,,C
646,0,3,"Smith, Mr. Henry",male,34.72958374710052,1,0,42.67,D93,S
647,0,3,"Smith, Lady. Elizabeth",female,13.07364790198176,0,0,10.93,,S
648,0,3,"Smith, Master. Robert",male,30.042298514739898,0,0,6.83,,S
649,0,3,"Smith, Mr. Henry",male,14.722021151089614,2,0,8.26,,S
650,1,3,"Brown, Mrs. Dorothy",female,,1,0,8.21,,S
651,1,1,"Smith, Mr. Henry",male,,1,1,62.04,,S
652,0,3,"Davis, Dr. Thomas",male,,1,2,6.16,,S
653,1,3,"Johnson, Dr. William",male,,1,0,14.5,,C
654,0,3,"Garcia, Miss. Margaret",female,23.515252644701967,0,1,6.02,,S
655,0,2,"Johnson, Mr. Thomas",male,32.791271381216845,1,0,19.35,,S
656,0,1,"Smith, Dr. Anna",female,30.874509240095016,0,0,42.61,D19,S
657,1,2,"Smith, Mr. Henry",male,42.81084591299784,1,0,11.49,,C
658,0,2,"Garcia, Master. Thomas",male,41.29900970245966,1,0,15.93,,S
659,0,3,"Davis, Mr. George",male,24.461283638529558,0,0,14.34,,C
660,0,3,"Johnson, Dr. Elizabeth",female,27.190012367190562,0,0,11.7,,Q
661,0,2,"Johnson, Mr. George",male,42.41890725709079,0,0,20.3,,Q
662,0,3,"Smith, Miss. Dorothy",female,39.06061497659391,0,0,5.02,,C
663,1,3,"Brown, Miss. Elizabeth",female,10.885919961342633,0,2,26.38,,C
664,0,1,"Jones, Mr. Henry",male,53.6944293425426,1,0,161.06,A82,S
665,1,1,"Davis, Rev. William",male,,0,0,38.86,,C
666,1,1,"Smith, Dr. Thomas",male,37.8697955040594,0,0,54.6,,S
667,1,2,"Davis, Dr. Thomas",male,24.89787562120865,2,0,32.08,,Q
668,1,1,"Davis, Miss. Dorothy",female,40.172669574025704,1,0,36.52,,S
669,1,1,"Williams, Miss. Anna",female,49.551375705346885,0,0,108.59,,S
670,0,2,"Brown, Dr. George",male,38.326237337610706,1,0,12.55,,S
671,1,1,"Miller, Mr. Henry",male,28.786369152946406,0,2,122.06,C109,S
672,0,3,"Brown, Mrs. Mary",female,20.229306814099346,0,0,36.7,A50,S
673,1,1,"Garcia, Mr. John",male,,0,2,41.97,,S
674,1,3,"Johnson, Miss. Mary",female,29.557211632490752,0,1,23.27,B139,C
675,1,2,"Davis, Mr. John",male,1.0,0,0,20.31,,S
676,0,3,"Williams, Dr. Dorothy",female,,2,0,8.66,,S
677,0,1,"Williams, Mr. James",male,41.67585860602695,1,0,34.71,,C
678,0,2,"Davis, Mr. Henry",male,45.67792871510861,0,0,37.16,,S
679,0,3,"Davis, Master. James",male,36.74667470268135,0,0,35.78,,S
680,1,3,"Davis, Master. Robert",male,8.53908244883793,0,0,15.37,,S
681,0,3,"Smith, Master. Henry",male,44.30537026881248,1,0,26.13,,C
682,1,2,"Williams, Miss. Mary",female,17.664085229277116,1,2,27.17,,S
683,1,1,"Jones, Miss. Mary",female,41.7150728915948,0,0,103.85,A45,S
684,1,3,"Smith, Dr. John",male,,0,2,7.29,,S
685,0,3,"Davis, Mr. James",male,,0,0,8.35,,S
686,0,3,"Garcia, Dr. Robert",male,7.802178225703457,0,2,6.47,,S
687,0,3,"Williams, Mr. Thomas",male,18.704051115198364,0,0,11.97,,Q
688,0,2,"Miller, Master. James",male,19.281315900140243,0,0,40.61,F149,C
689,0,3,"Davis, Mr. Henry",male,40.552756741376754,0,1,16.47,,S
690,1,1,"Davis, Master. Thomas",male,55.30583010528705,0,0,88.43,,S
691,0,2,"Jones, Mr. James",male,16.264750644116713,0,0,74.66,,C
692,0,2,"Williams, Dr. Robert",male,45.900079872239225,0,0,13.08,,S
693,0,3,"Jones, Rev. Henry",male,8.25052957369018,2,0,10.99,,S
694,1,2,"Jones, Mrs. Anna",female,34.582564588639435,3,0,45.4,,S
695,0,1,"Garcia, Mr. Thomas",male,,2,0,35.97,,S
696,1,3,"Jones, Dr. Mary",female,22.65531578587571,1,0,9.68,,Q
697,0,2,"Williams, Mr. Robert",male,33.510745659088485,0,0,12.74,A51,S
698,0,3,"Davis, Rev. Robert",male,15.527937931363908,1,2,24.2,,S
699,1,1,"Brown, Miss. Dorothy",female,,2,0,33.87,,S
700,0,3,"Garcia, Dr. Alice",female,,0,0,5.4,F79,C
701,1,3,"Miller, Lady. Margaret",female,20.537705412656013,0,2,5.04,,S
702,1,1,"Garcia, Dr. John",male,5.853466656078666,1,0,99.35,,S
703,0,2,"Garcia, Mr. James",male,31.374799286529246,0,0,30.76,,S
704,1,1,"Brown, Miss. Helen",female,,0,0,100.49,,S
705,1,1,"Smith, Rev. Robert",male,30.886037232937646,0,0,158.83,,S
706,1,3,"Smith, Dr. James",male,,1,0,14.22,,S
707,1,2,"Davis, Mr. Robert",male,32.597535638343274,0,0,11.58,,S
708,0,3,"Miller, Mr. James",male,26.893137271525234,1,0,13.82,,S
709,1,2,"Davis, Miss. Alice",female,46.54059550138798,0,0,13.87,,Q
710,0,3,"Smith, Dr. Thomas",male,7.276900869617183,2,0,8.96,F113,S
711,1,3,"Williams, Mr. Thomas",male,16.127543110491565,0,3,17.52,,S
712,1,3,"Davis, Master. Thomas",male,39.302792012962875,0,0,18.0,,S
713,1,3,"Brown, Mr. Robert",male,36.400189944035745,0,2,15.07,,S
714,0,2,"Johnson, Mr. Robert",male,,0,2,31.27,,S
715,0,2,"Davis, Mr. Robert",male,31.213840865596467,0,0,19.89,D141,Q
716,0,3,"Smith, Rev. Robert",male,22.644632183344758,0,0,49.35,,C
717,1,3,"Garcia, Lady. Alice",female,28.620400106820828,0,1,5.87,,S
718,0,3,"Davis, Dr. John",male,27.106434754943173,0,1,6.59,,S
719,0,1,"Williams, Mr. Thomas",male,43.269733365365234,1,0,114.09,,S
720,1,3,"Garcia, Dr. Mary",female,14.316185823761538,1,3,8.18,,S
721,0,3,"Garcia, Lady. Helen",female,24.2310668302154,0,0,6.89,,S
722,1,1,"Jones, Rev. Robert",male,53.756086981806774,0,0,113.09,,S
723,1,1,"Johnson, Mr. Henry",male,21.34823349985741,1,0,108.02,,Q
724,1,3,"Johnson, Master. James",male,23.0545122942417,0,0,23.54,,S
725,1,3,"Garcia, Lady. Alice",female,26.716585238547427,0,0,5.28,,S
726,1,3,"Jones, Dr. Dorothy",female,35.195343862194555,0,0,8.08,,C
727,1,1,"Miller, Miss. Alice",female,33.399341339514216,0,0,241.28,,S
728,1,3,"Davis, Mr. Henry",male,31.990855825705662,0,0,12.43,F76,S
729,1,1,"Johnson, Mrs. Alice",female,30.382403970401306,0,2,48.76,,S
730,0,1,"Johnson, Mr. Robert",male,35.72089931498788,0,1,70.68,,S
731,0,1,"Davis, Mr. William",male,38.572868455540096,0,0,138.74,,Q
732,1,3,"Davis, Mr. James",male,37.01958190250272,2,0,18.52,,Q
733,1,3,"Jones, Miss. Helen",female,41.72145433029318,0,0,10.46,,Q
734,1,3,"Williams, Mr. Robert",male,33.526589227573425,0,0,6.15,F144,C
735,1,2,"Smith, Lady. Anna",female,9.88504814380125,0,0,46.82,,S
736,0,3,"Jones, Mr. George",male,29.555675780631585,0,0,13.38,F103,C
737,0,2,"Jones, Mr. Henry",male,23.875379526367578,0,1,29.3,,Q
738,0,3,"Brown, Mr. Robert",male,,0,2,5.27,,S
739,0,2,"Miller, Mr. Robert",male,47.23535641804847,0,0,55.05,,S
740,1,2,"Brown, Mrs. Helen",female,13.266873608404751,0,0,10.49,,S
741,0,3,"Miller, Master. John",male,44.377345488518216,0,0,6.58,,S
742,1,2,"Garcia, Mrs. Elizabeth",female,22.413208757501938,0,0,35.59,,S
743,1,3,"Jones, Mrs. Helen",female,,1,0,5.2,,Q
744,1,3,"Smith, Miss. Alice",female,,0,0,15.27,,Q
745,1,1,"Williams, Mr. William",male,21.46862058567617,0,0,275.85,D141,S
746,1,3,"Smith, Mr. William",male,16.158758368628536,0,1,17.75,D57,S
747,1,2,"Brown, Mr. James",male,37.17263039884197,0,0,36.86,,C
748,0,3,"Brown, Miss. Anna",female,,2,2,23.69,,S
749,0,3,"Williams, Lady. Helen",female,37.11366146315163,0,1,13.92,,S
750,1,3,"Johnson, Dr. Robert",male,,0,3,23.23,,C
751,1,1,"Williams, Miss. Alice",female,47.42005730353548,0,0,49.66,,C
752,0,3,"Brown, Mr. John",male,23.89786282798054,0,0,9.6,,Q
753,1,3,"Williams, Mr. James",male,23.950776054673828,0,0,17.28,,S
754,1,2,"Garcia, Mr. Thomas",male,32.47551056902575,0,0,13.26,,S
755,1,1,"Williams, Miss. Elizabeth",female,39.425988133667815,0,0,154.34,,Q
756,1,3,"Davis, Master. Henry",male,24.28701782473007,4,0,19.48,,S
757,0,3,"Johnson, Mrs. Alice",female,47.266039777531155,0,0,19.18,,C
758,0,3,"Williams, Mrs. Helen",female,27.690816934423502,0,0,30.01,,S
759,1,3,"Jones, Miss. Helen",female,20.842881927917205,4,2,14.59,F102,S
760,1,3,"Brown, Rev. Robert",male,5.661191690766067,1,0,6.86,C83,S
761,1,1,"Miller, Dr. Thomas",male,40.426783301185715,0,0,44.1,,S
762,1,2,"Miller, Mr. William",male,,0,0,11.88,,Q
763,0,2,"Jones, Mr. James",male,,1,1,21.38,,S
764,0,3,"Smith, Mr. William",male,30.549803488802247,0,0,7.2,,C
765,1,1,"Davis, Miss. Elizabeth",female,,0,0,68.29,,C
766,0,3,"Williams, Mr. James",male,27.06705263693245,1,0,12.06,,S
767,0,3,"Miller, Mr. John",male,33.05837406074864,0,0,16.56,,S
768,0,3,"Garcia, Rev. Henry",male,43.336376312654,0,0,44.87,,S
769,1,2,"Miller, Master. John",male,,0,0,17.1,,C
770,1,3,"Brown, Mr. James",male,34.13015985173773,0,0,17.62,,S
771,0,1,"Jones, Master. Henry",male,,1,0,35.0,E104,S
772,1,3,"Johnson, Mrs. Helen",female,29.659744065081394,0,0,39.11,,S
773,0,1,"Garcia, Mr. James",male,20.357693287583878,1,3,147.27,,S
774,1,2,"Miller, Mrs. Alice",female,45.067962844426674,0,2,14.17,,C
775,0,3,"Garcia, Miss. Alice",female,20.806728073396528,0,0,28.32,,S
776,1,1,"Miller, Mr. George",male,,0,0,53.68,B122,S
777,1,1,"Johnson, Lady. Helen",female,55.94301313005276,1,0,44.94,,S
778,0,3,"Jones, Mr. Robert",male,,2,0,5.66,,C
779,0,3,"Garcia, Dr. Margaret",female,,0,0,6.51,,S
780,1,3,"Jones, Mr. Henry",male,,0,0,5.49,,S
781,1,3,"Garcia, Mrs. Anna",female,20.05335105970636,0,0,5.89,,S
782,0,3,"Williams, Dr. Mary",female,35.96168478420888,1,0,6.63,,S
783,1,2,"Johnson, Miss. Helen",female,18.861962780251694,0,0,14.87,,C
784,1,2,"Smith, Miss. Margaret",female,,0,0,14.05,,C
785,0,1,"Garcia, Mr. John",male,,0,0,79.12,,C
786,1,3,"Davis, Mr. George",male,9.651631165362563,0,0,6.9,B72,S
787,0,3,"Smith, Dr. Thomas",male,31.18353185949361,0,0,13.93,,C
788,1,2,"Williams, Rev. James",male,34.12689239625227,0,0,24.7,,S
789,0,3,"Johnson, Lady. Mary",female,,1,0,11.54,,Q
790,0,3,"Smith, Mr. Thomas",male,31.84608650025419,0,0,23.72,D71,S
791,1,1,"Johnson, Mrs. Anna",female,33.52213467443219,0,0,46.52,,S
792,1,3,"Williams, Mr. George",male,17.66337703133646,0,0,6.56,,S
793,1,3,"Williams, Dr. Helen",female,23.88466952063694,0,0,9.48,,S
794,1,3,"Garcia, Dr. John",male,22.125976935739004,1,0,6.08,,S
795,1,1,"Miller, Lady. Anna",female,,0,0,69.67,,C
796,1,3,"Miller, Mrs. Helen",female,27.236994036928557,0,0,9.07,,S
797,1,3,"Davis, Master. John",male,16.220419133097664,0,2,7.68,,Q
798,1,3,"Smith, Rev. Thomas",male,47.68528822186939,0,2,6.49,E149,S
799,0,3,"Garcia, Lady. Anna",female,25.591699978242673,0,0,8.27,,S
800,1,3,"Smith, Mr. James",male,34.22607611162676,0,3,12.49,F20,C
801,0,3,"Miller, Rev. James",male,17.70128191066289,0,0,11.86,,S
802,1,1,"Johnson, Dr. Thomas",male,,1,0,49.98,A64,S
803,0,3,"Williams, Dr. Henry",male,28.733319893718342,0,0,6.07,,C
804,0,3,"Davis, Master. Robert",male,2.3242084948461645,0,1,5.22,D148,S
805,0,2,"Johnson, Mr. John",male,37.18952111608066,1,0,32.6,,S
806,1,3,"Miller, Mr. George",male,40.48773353107057,0,1,21.95,,C
807,1,3,"Davis, Master. William",male,20.23365620624815,0,0,5.37,E59,S
808,1,3,"Miller, Miss. Alice",female,11.772763114529734,0,0,15.51,,C
809,0,3,"Jones, Mr. John",male,29.170739365642625,0,0,21.44,,S
810,0,1,"Miller, Dr. Dorothy",female,44.4704173251472,0,0,37.44,,S
811,1,3,"Smith, Mr. William",male,29.268027382758753,0,0,9.59,F62,S
812,1,3,"Williams, Mr. William",male,27.298928754329076,1,0,31.23,,S
813,1,1,"Garcia, Mr. Henry",male,,0,0,112.58,,S
814,0,3,"Williams, Rev. James",male,42.367668392701674,0,0,10.38,,C
815,0,3,"Johnson, Dr. William",male,31.817238461543752,0,0,16.5,,S
816,0,3,"Garcia, Master. Thomas",male,,0,1,19.34,E139,S
817,0,3,"Brown, Master. John",male,41.35075423254942,0,0,8.42,F45,S
818,1,2,"Garcia, Mr. Thomas",male,6.366270069966987,0,0,50.57,,S
819,1,1,"Brown, Mrs. Margaret",female,63.260873537014405,0,0,134.79,F129,S
820,1,2,"Miller, Dr. George",male,28.772036712253964,1,0,45.8,,S
821,0,3,"Williams, Mr. William",male,27.9145841578033,0,2,70.1,,S
822,1,1,"Jones, Mrs. Mary",female,19.89417858980371,1,1,185.88,,S
823,0,2,"Brown, Mr. George",male,,1,0,18.19,C138,S
824,0,2,"Jones, Mr. William",male,,0,0,17.38,E18,S
825,1,3,"Brown, Miss. Elizabeth",female,48.08134953789944,1,2,12.87,,S
826,0,3,"Brown, Rev. Henry",male,15.704620359777017,1,1,14.74,,S
827,1,2,"Jones, Miss. Elizabeth",female,,0,1,34.0,,S
828,0,2,"Johnson, Miss. Elizabeth",female,20.810396616164464,4,1,48.46,,Q
829,1,3,"Garcia, Master. William",male,1.2941467453943503,0,0,20.9,,C
830,0,3,"Williams, Dr. Thomas",male,,0,0,9.77,,S
831,0,1,"Brown, Rev. George",male,50.35266287252773,1,0,50.3,,S
832,0,3,"Smith, Rev. Robert",male,,0,0,10.17,,Q
833,0,1,"Jones, Rev. James",male,31.419409931366978,0,0,56.43,,S
834,1,1,"Jones, Miss. Helen",female,,0,0,41.7,F63,S
835,1,3,"Garcia, Mr. John",male,44.72053786965441,1,0,11.18,,S
836,0,2,"Williams, Mr. Thomas",male,,1,0,35.21,,C
837,1,3,"Miller, Dr. Alice",female,14.638076740420793,0,0,7.78,,S
838,0,2,"Brown, Miss. Mary",female,14.89681002913927,3,0,52.03,F70,C
839,0,3,"Smith, Master. Thomas",male,25.21620246453336,0,0,10.55,,C
840,1,3,"Brown, Rev. John",male,,0,1,6.4,,S
841,1,1,"Garcia, Mr. George",male,48.418687600999114,0,1,117.95,,C
842,0,3,"Garcia, Mr. James",male,32.11080728616797,1,0,8.13,B97,S
843,1,1,"Johnson, Master. George",male,28.908777463500037,0,0,65.47,,S
844,1,3,"Garcia, Rev. George",male,17.441385371634276,0,0,5.55,,S
845,1,1,"Garcia, Dr. Elizabeth",female,57.87444206319092,1,0,203.44,,S
846,1,2,"Garcia, Dr. James",male,43.63319264341533,3,0,16.34,,S
847,1,1,"Garcia, Mr. Thomas",male,,0,0,74.06,,S
848,0,3,"Williams, Mr. Robert",male,8.13324335372456,0,1,14.71,,S
849,0,3,"Garcia, Rev. Robert",male,13.180082490195819,4,0,7.76,D106,S
850,0,3,"Williams, Lady. Alice",female,27.384160114568882,2,0,10.08,,S
851,1,1,"Johnson, Mrs. Alice",female,10.418546552034304,0,0,167.92,,C
852,1,3,"Williams, Mrs. Elizabeth",female,18.05051068437104,1,0,16.64,,S
853,1,1,"Davis, Mr. John",male,21.04359299006906,1,0,43.04,,S
854,1,3,"Miller, Dr. James",male,33.35401596591147,2,1,15.97,,S
855,0,1,"Miller, Mr. Robert",male,38.199822949710075,1,0,85.8,,S
856,0,1,"Miller, Mr. James",male,24.644848128446974,0,0,33.53,,S
857,0,1,"Johnson, Mr. John",male,32.30149161902507,0,0,97.04,,S
858,0,3,"Miller, Dr. Helen",female,,0,0,8.54,B147,S
859,0,3,"Johnson, Mr. John",male,2.777887221104095,0,0,7.58,,S
860,1,1,"Johnson, Mr. James",male,46.18178172661478,1,0,83.52,,Q
861,0,3,"Williams, Mr. Robert",male,16.85628326447076,3,0,8.66,E66,Q
862,1,3,"Smith, Mr. Thomas",male,21.181149667088558,0,0,8.05,B111,S
863,1,3,"Davis, Master. Henry",male,,0,2,20.18,A79,C
864,1,2,"Brown, Dr. Alice",female,42.37014701746256,0,0,23.62,,S
865,1,2,"Miller, Miss. Mary",female,16.724888051716096,0,0,75.2,,S
866,1,3,"Brown, Miss. Alice",female,34.62554150341743,0,0,19.29,,C
867,0,1,"Davis, Master. John",male,,0,0,117.45,,S
868,1,1,"Garcia, Master. Henry",male,50.90310156694243,0,0,246.03,,S
869,0,3,"Smith, Dr. William",male,11.18615516136557,0,0,5.55,B121,S
870,0,3,"Williams, Rev. John",male,1.0,0,0,5.01,D22,S
871,1,2,"Garcia, Miss. Anna",female,22.1633314748085,1,0,40.64,,S
872,0,2,"Miller, Dr. Robert",male,35.61941835824402,0,0,17.85,,S
873,0,3,"Davis, Dr. Thomas",male,31.203358188980452,0,0,51.83,F65,S
874,0,2,"Brown, Mr. Robert",male,20.80086336731366,0,0,31.45,E69,S
875,0,1,"Miller, Mr. James",male,50.41642346136221,0,0,77.82,D63,C
876,1,1,"Johnson, Dr. Elizabeth",female,32.109334888465256,1,3,189.38,E46,S
877,0,3,"Garcia, Mr. Robert",male,27.45710658882141,0,0,22.49,,C
878,1,3,"Williams, Dr. John",male,34.19053935376738,2,0,8.06,D111,S
879,1,1,"Brown, Rev. John",male,44.11433972426913,0,0,66.57,,C
880,1,1,"Garcia, Master. Thomas",male,43.66012656946377,0,0,86.45,,C
881,1,1,"Davis, Mrs. Dorothy",female,55.30095068551016,0,0,47.73,,S
882,0,3,"Garcia, Miss. Anna",female,20.018796532439566,1,1,10.13,,S
883,1,1,"Brown, Miss. Dorothy",female,47.52302547630629,0,0,97.93,,S
884,1,1,"Williams, Miss. Helen",female,54.69510517469165,2,2,45.43,,Q
885,1,3,"Jones, Mr. George",male,23.7478864841573,0,0,9.35,,S
886,1,1,"Miller, Miss. Elizabeth",female,42.475125562865685,0,0,101.73,C62,S
887,0,3,"Brown, Rev. John",male,,1,0,7.5,D34,S
888,0,1,"Brown, Mr. George",male,,2,0,71.29,C74,Q
889,1,1,"Miller, Miss. Anna",female,42.86747076953671,0,0,48.32,,S
890,0,2,"Garcia, Mr. Robert",male,24.031825967153107,0,1,45.06,,S
891,1,3,"Brown, Mrs. Elizabeth",female,,0,0,5.25,,S
